,Views,Views,Views,Likes,Likes,Likes,Shares,Shares,Shares,Comments,Comments,Comments,engagement_rate,engagement_rate,virality_score,virality_score,Engagement_Level_Cal
,mean,median,std,mean,median,std,mean,median,std,mean,median,std,mean,median,mean,median,<lambda>
DBSCAN_Cluster,,,,,,,,,,,,,,,,,
0,2922483.490617351,2934644.0,1219085.5157026309,255180.37938536852,251061.0,136318.31451768833,50209.896926842535,49965.0,28298.30341895374,25148.92303508295,25181.0,13839.511805457218,0.1421556712503723,0.1135770327146017,0.1693437292532765,0.1340503711169202,High
1,774173.8,806577.0,175517.48952084518,43400.2,38904.0,32220.60364425223,51337.0,53191.0,23361.17590148236,8563.6,8742.0,5892.117047377793,0.1278586643411343,0.1279540652970349,0.19798020053090964,0.2106728213093397,High
2,642395.3333333334,662510.0,184983.86397917703,253708.16666666666,268242.5,92214.46954446285,76858.16666666667,82165.5,17146.235031827448,16113.333333333334,14911.0,4434.171249136265,0.5462612284327509,0.5352884174743693,0.6908705680638211,0.66160077786889,High
3,4406072.333333333,4428383.0,152668.5981671848,122750.0,105620.0,32313.612054364952,72100.33333333333,73527.0,15543.184015295363,9049.666666666666,9324.0,781.488536917422,0.0464515183135227,0.0438034136335062,0.06383201934389053,0.0639754801589579,Medium
4,1304109.0,1207397.0,271130.7210479845,249036.0,251949.0,68735.38871158971,52496.5,52926.5,4786.137795759751,25327.0,24193.5,6170.143650407716,0.2534331228316004,0.2323896335435639,0.30472139836186274,0.27700036263640315,High
5,1980434.0,1779053.0,699365.4718252348,462801.25,462492.0,14131.247299867058,92465.75,95553.0,8998.804415958082,12902.0,10687.0,7919.586016116415,0.30823947742791036,0.31213723187891695,0.3610320960103103,0.36804486070593456,High
