,Views,Views,Views,Likes,Likes,Likes,Shares,Shares,Shares,Comments,Comments,Comments,engagement_rate,engagement_rate,virality_score,virality_score,Engagement_Level_Cal
,mean,median,std,mean,median,std,mean,median,std,mean,median,std,mean,median,mean,median,<lambda>
DBSCAN_Cluster,,,,,,,,,,,,,,,,,
0,2704587.2512935884,2711504.0,1339821.2077344137,252117.37570303713,249097.0,141680.79471003826,50584.70686164229,50483.0,28709.775589719018,24989.664566929136,25054.0,14165.288179382938,0.1378597405010396,0.0931174112192796,0.2142302201420515,0.1419479692497056,High
1,4289777.333333333,4198164.0,393446.5206725474,5147.0,5327.0,760.155247301497,24231.0,27958.0,13286.50928573792,40841.666666666664,40130.0,5090.944345927713,0.001214637945075,0.0013485321454166,0.0274047174196576,0.029039354098755,Low
2,3600121.0,3442475.0,1125661.888797431,440002.3333333333,429165.0,29188.09499322169,1018.0,1016.0,162.00925899466364,16801.0,16421.0,6080.911444841143,0.12879752635972455,0.1246675358085285,0.13741551753449419,0.1325088395677994,High
3,335793.0,344152.0,18791.814255148438,206607.66666666666,207516.0,50700.60287938728,91028.0,90406.0,1492.5907007615986,11974.666666666666,12480.0,1047.7716036108884,0.6212227271091794,0.5946766927635576,1.2178016913055028,1.167307626176366,High
4,271832.0,281552.0,32345.54313966609,231371.0,246077.0,29622.53959403211,83393.0,83423.0,299.13040634479137,22562.0,26090.0,6453.134432196496,0.8505757148414235,0.840910920041314,1.5931466527254965,1.6073847552681022,High
