,Views,Views,Views,Likes,Likes,Likes,Shares,Shares,Shares,Comments,Comments,Comments,engagement_rate,engagement_rate,virality_score,virality_score,Engagement_Level_Cal
,mean,median,std,mean,median,std,mean,median,std,mean,median,std,mean,median,mean,median,<lambda>
KMeans_Cluster,,,,,,,,,,,,,,,,,
0,3067185.6954234615,3107031.0,1165656.945234913,234809.86007364545,225803.5,143327.80021646962,48890.988164124145,48515.5,28977.724415325873,24325.78379800105,24150.0,14270.940849277167,0.08635558442276549,0.07708087824392275,0.1386087277481932,0.12409093648548561,High
1,823454.411637931,756603.5,437599.37617081223,296925.7575431034,312839.5,137729.54840191378,57018.261853448275,59797.0,28423.799599100155,27011.904094827587,27733.5,14247.413094453186,0.4108062194787863,0.3550716489538879,0.681811621968852,0.5554525645197398,High
