,Views,Views,Views,Likes,Likes,Likes,Shares,Shares,Shares,Comments,Comments,Comments,engagement_rate,engagement_rate,virality_score,virality_score,Engagement_Level_Cal
,mean,median,std,mean,median,std,mean,median,std,mean,median,std,mean,median,mean,median,<lambda>
KMeans_Cluster,,,,,,,,,,,,,,,,,
0,2857579.074387528,2787914.0,1212010.2393514104,361020.4957683742,361357.0,81915.0860231585,50742.44944320713,51082.0,29259.12978303032,24252.712249443208,24250.0,14179.412856703015,0.15660048502764515,0.1268915544897467,0.2154920294114072,0.1761399005273095,High
1,2924675.1840490797,3006979.5,1277222.6415247966,112630.71779141104,109206.5,68731.09950298422,48233.22801635992,47317.0,28814.17884276359,24725.036298568506,24497.5,14414.388191393538,0.04791865479214765,0.039835339283426696,0.10891102172471387,0.0853946943154521,Medium
2,547591.7315689981,528698.0,245464.82121556625,259919.64839319472,256848.0,135280.21330970232,57723.045368620034,60063.0,27795.375058758043,27871.771266540643,29031.0,14077.249464825527,0.4995371001723326,0.4680102806274426,0.8750510464339806,0.7749176130132986,High
