,Views,Views,Views,Likes,Likes,Likes,Shares,Shares,Shares,Comments,Comments,Comments,engagement_rate,engagement_rate,virality_score,virality_score,Engagement_Level_Cal
,mean,median,std,mean,median,std,mean,median,std,mean,median,std,mean,median,mean,median,<lambda>
KMeans_Cluster,,,,,,,,,,,,,,,,,
0,2963585.870421131,2982515.0,1210025.523641975,239872.06703214554,231534.0,143505.66977940028,49530.83304261151,49194.0,29028.122462337582,24527.831796660852,24491.0,14263.050494132416,0.1262931872827639,0.1085889309126881,0.15232148281179492,0.1293966388730501,High
1,3232648.4444444445,3455324.0,1345829.6450075703,1674.2777777777778,1306.5,923.0366002274651,60738.5,69076.5,26912.263135757188,25833.5,25799.0,16473.10112327509,0.041699149142139,0.02958873228428825,0.07626083824375761,0.0544649902916258,Medium
2,678895.4763948498,658004.0,335110.86028220254,294216.6652360515,311164.0,136880.56816388402,55702.37195994278,58094.0,28636.951396750388,26693.111587982832,27244.0,14366.375326501608,0.6152452027804429,0.5412699902143461,0.7826505900909936,0.6423499026709056,High
